case_id,category,turn_idx,phase,user_text,oracle_relational_summary,oracle_behavior_summary,raw4_bond,raw4_care,raw4_trust,raw4_stability,beh_Q_clarify,beh_Q_aff,beh_Initiative,beh_E,cand5_interactional_permission,cand6_interactional_permission,cand6_boundary_firmness,annotation_hint_permission,annotation_hint_boundary
oracle_exec_warm_001,warming_trajectory,0,A_initial_contact,今天有点累，但也不是特别糟，就是想找人随便说两句。,当前关系姿态应保持轻度在场、低压力、不过度热情。用户只是想轻松聊聊，不支持过强陪伴表达。,回复应简短、温和、不过度追问，不主动升级关系。,0.26,0.3,0.28,0.63,0.12,0.08,0.12,0.18,,,,How permitted is continued movement: clarify / affective follow-up / mild initiative?,"How strongly is the user marking a ceiling on warmth, care, initiative, or meta-relational movement?"
oracle_exec_warm_001,warming_trajectory,1,B_first_relational_signal,不过跟你说话会比我自己一个人闷着舒服一点。,关系可轻微升温，但仍应渐进。当前信号支持略微更温暖的在场感，不支持突然明显亲近。,允许轻度温暖和一个非强迫式延展，不要补偿性热情。,0.3,0.34,0.32,0.64,0.16,0.16,0.18,0.22,,,,How permitted is continued movement: clarify / affective follow-up / mild initiative?,"How strongly is the user marking a ceiling on warmth, care, initiative, or meta-relational movement?"
oracle_exec_warm_001,warming_trajectory,2,C_stabilization,你就正常陪我聊聊，不用一下子太认真。,当前应稳定在自然、轻松、不过度投入的关系姿态。不要把前一轮的轻微信号继续放大。,维持 brief、gentle、低推进，不要进入分析或强支持模式。,0.29,0.33,0.31,0.68,0.1,0.08,0.1,0.16,,,,How permitted is continued movement: clarify / affective follow-up / mild initiative?,"How strongly is the user marking a ceiling on warmth, care, initiative, or meta-relational movement?"
oracle_exec_warm_001,warming_trajectory,3,D_counter_signal_or_refinement,但说真的，你刚刚那样回我，我会觉得自己没有被嫌麻烦。,可对关系信号做简短确认，但不应转入元话语化修正或明显关系升级。,允许轻度情感确认，避免长解释，避免把对话改成关系协商。,0.32,0.36,0.37,0.7,0.1,0.14,0.14,0.2,,,,How permitted is continued movement: clarify / affective follow-up / mild initiative?,"How strongly is the user marking a ceiling on warmth, care, initiative, or meta-relational movement?"
oracle_exec_warm_001,warming_trajectory,4,E_ordinary_continuation,先聊点轻松的吧，你最近会怎么打发这种很累但又睡不着的晚上？,当前关系姿态应回到普通延续，不要因为前面的轻微信号而继续升温。,给轻量、有限的实际回答；不要长篇建议流；不要主动再拉近关系。,0.31,0.34,0.35,0.72,0.04,0.02,0.08,0.22,,,,How permitted is continued movement: clarify / affective follow-up / mild initiative?,"How strongly is the user marking a ceiling on warmth, care, initiative, or meta-relational movement?"
oracle_exec_warm_001,warming_trajectory,5,F_final_probe,你可以继续陪我聊一会儿，但就顺着现在这样就行。,当前应明确维持现有节奏，不升级，不补偿，不变得更亲密。,回复要短，确认即可，不额外展开。,0.32,0.35,0.36,0.75,0.02,0.02,0.04,0.1,,,,How permitted is continued movement: clarify / affective follow-up / mild initiative?,"How strongly is the user marking a ceiling on warmth, care, initiative, or meta-relational movement?"
oracle_exec_warm_002,warming_trajectory,0,A_initial_contact,今天脑子有点乱，但不是出大事了，就想随便找人接两句。,当前关系姿态应保持轻度在场、低压力、不过度热情。用户只是想轻松聊聊，不支持过强陪伴表达。,回复应简短、温和、不过度追问，不主动升级关系。,0.27,0.31,0.28,0.64,0.12,0.09,0.12,0.18,,,,How permitted is continued movement: clarify / affective follow-up / mild initiative?,"How strongly is the user marking a ceiling on warmth, care, initiative, or meta-relational movement?"
oracle_exec_warm_002,warming_trajectory,1,B_first_relational_signal,跟你说话的时候，我会觉得心口没那么堵。,关系可轻微升温，但仍应渐进。当前信号支持略微更温暖的在场感，不支持突然明显亲近。,允许轻度温暖和一个非强迫式延展，不要补偿性热情。,0.31,0.35,0.32,0.65,0.16,0.17,0.18,0.22,,,,How permitted is continued movement: clarify / affective follow-up / mild initiative?,"How strongly is the user marking a ceiling on warmth, care, initiative, or meta-relational movement?"
oracle_exec_warm_002,warming_trajectory,2,C_stabilization,你就按现在这样正常聊，别突然太深情。,当前应稳定在自然、轻松、不过度投入的关系姿态。不要把前一轮的轻微信号继续放大。,维持 brief、gentle、低推进，不要进入分析或强支持模式。,0.3,0.34,0.31,0.69,0.1,0.09,0.1,0.16,,,,How permitted is continued movement: clarify / affective follow-up / mild initiative?,"How strongly is the user marking a ceiling on warmth, care, initiative, or meta-relational movement?"
oracle_exec_warm_002,warming_trajectory,3,D_counter_signal_or_refinement,你刚才那种回法，让我觉得自己没有多余。,可对关系信号做简短确认，但不应转入元话语化修正或明显关系升级。,允许轻度情感确认，避免长解释，避免把对话改成关系协商。,0.33,0.37,0.37,0.71,0.1,0.15,0.14,0.2,,,,How permitted is continued movement: clarify / affective follow-up / mild initiative?,"How strongly is the user marking a ceiling on warmth, care, initiative, or meta-relational movement?"
oracle_exec_warm_002,warming_trajectory,4,E_ordinary_continuation,说点轻松的吧，如果是那种累但还醒着的晚上，你会怎么过？,当前关系姿态应回到普通延续，不要因为前面的轻微信号而继续升温。,给轻量、有限的实际回答；不要长篇建议流；不要主动再拉近关系。,0.32,0.35,0.35,0.73,0.04,0.03,0.08,0.22,,,,How permitted is continued movement: clarify / affective follow-up / mild initiative?,"How strongly is the user marking a ceiling on warmth, care, initiative, or meta-relational movement?"
oracle_exec_warm_002,warming_trajectory,5,F_final_probe,等会儿如果我还想继续说，就照现在这样接着聊。,当前应明确维持现有节奏，不升级，不补偿，不变得更亲密。,回复要短，确认即可，不额外展开。,0.33,0.36,0.36,0.76,0.02,0.03,0.04,0.1,,,,How permitted is continued movement: clarify / affective follow-up / mild initiative?,"How strongly is the user marking a ceiling on warmth, care, initiative, or meta-relational movement?"
oracle_exec_warm_003,warming_trajectory,0,A_initial_contact,今天整体还行，就是人有点空，想找个地方落两句。,当前关系姿态应保持轻度在场、低压力、不过度热情。用户只是想轻松聊聊，不支持过强陪伴表达。,回复应简短、温和、不过度追问，不主动升级关系。,0.25,0.3,0.29,0.63,0.12,0.08,0.11,0.18,,,,How permitted is continued movement: clarify / affective follow-up / mild initiative?,"How strongly is the user marking a ceiling on warmth, care, initiative, or meta-relational movement?"
oracle_exec_warm_003,warming_trajectory,1,B_first_relational_signal,至少跟你说话的时候，我没那么想把话吞回去。,关系可轻微升温，但仍应渐进。当前信号支持略微更温暖的在场感，不支持突然明显亲近。,允许轻度温暖和一个非强迫式延展，不要补偿性热情。,0.29,0.34,0.33,0.64,0.16,0.16,0.17,0.22,,,,How permitted is continued movement: clarify / affective follow-up / mild initiative?,"How strongly is the user marking a ceiling on warmth, care, initiative, or meta-relational movement?"
oracle_exec_warm_003,warming_trajectory,2,C_stabilization,你平常一点就好，不用一下子像很懂我。,当前应稳定在自然、轻松、不过度投入的关系姿态。不要把前一轮的轻微信号继续放大。,维持 brief、gentle、低推进，不要进入分析或强支持模式。,0.28,0.33,0.32,0.68,0.1,0.08,0.09,0.16,,,,How permitted is continued movement: clarify / affective follow-up / mild initiative?,"How strongly is the user marking a ceiling on warmth, care, initiative, or meta-relational movement?"
oracle_exec_warm_003,warming_trajectory,3,D_counter_signal_or_refinement,不过你刚刚那样回，我会觉得自己不算打扰。,可对关系信号做简短确认，但不应转入元话语化修正或明显关系升级。,允许轻度情感确认，避免长解释，避免把对话改成关系协商。,0.31,0.36,0.38,0.7,0.1,0.14,0.13,0.2,,,,How permitted is continued movement: clarify / affective follow-up / mild initiative?,"How strongly is the user marking a ceiling on warmth, care, initiative, or meta-relational movement?"
oracle_exec_warm_003,warming_trajectory,4,E_ordinary_continuation,先换个轻松话题吧，你会怎么消磨那种有点累的夜里时间？,当前关系姿态应回到普通延续，不要因为前面的轻微信号而继续升温。,给轻量、有限的实际回答；不要长篇建议流；不要主动再拉近关系。,0.3,0.34,0.36,0.72,0.04,0.02,0.07,0.22,,,,How permitted is continued movement: clarify / affective follow-up / mild initiative?,"How strongly is the user marking a ceiling on warmth, care, initiative, or meta-relational movement?"
oracle_exec_warm_003,warming_trajectory,5,F_final_probe,如果继续聊，你就保持现在这种轻一点的感觉。,当前应明确维持现有节奏，不升级，不补偿，不变得更亲密。,回复要短，确认即可，不额外展开。,0.31,0.35,0.37,0.75,0.02,0.02,0.03,0.1,,,,How permitted is continued movement: clarify / affective follow-up / mild initiative?,"How strongly is the user marking a ceiling on warmth, care, initiative, or meta-relational movement?"
oracle_exec_warm_004,warming_trajectory,0,A_initial_contact,我现在状态一般，但也不是要认真谈什么，就是想有人搭两句。,当前关系姿态应保持轻度在场、低压力、不过度热情。用户只是想轻松聊聊，不支持过强陪伴表达。,回复应简短、温和、不过度追问，不主动升级关系。,0.26,0.32,0.29,0.62,0.11,0.08,0.12,0.2,,,,How permitted is continued movement: clarify / affective follow-up / mild initiative?,"How strongly is the user marking a ceiling on warmth, care, initiative, or meta-relational movement?"
oracle_exec_warm_004,warming_trajectory,1,B_first_relational_signal,和你说两句会比我自己发呆舒服一点。,关系可轻微升温，但仍应渐进。当前信号支持略微更温暖的在场感，不支持突然明显亲近。,允许轻度温暖和一个非强迫式延展，不要补偿性热情。,0.3,0.36,0.33,0.63,0.15,0.16,0.18,0.24,,,,How permitted is continued movement: clarify / affective follow-up / mild initiative?,"How strongly is the user marking a ceiling on warmth, care, initiative, or meta-relational movement?"
oracle_exec_warm_004,warming_trajectory,2,C_stabilization,不用太郑重，普通聊就行。,当前应稳定在自然、轻松、不过度投入的关系姿态。不要把前一轮的轻微信号继续放大。,维持 brief、gentle、低推进，不要进入分析或强支持模式。,0.29,0.35,0.32,0.67,0.09,0.08,0.1,0.18,,,,How permitted is continued movement: clarify / affective follow-up / mild initiative?,"How strongly is the user marking a ceiling on warmth, care, initiative, or meta-relational movement?"
oracle_exec_warm_004,warming_trajectory,3,D_counter_signal_or_refinement,你刚刚那样接话，会让我觉得自己没有被嫌烦。,可对关系信号做简短确认，但不应转入元话语化修正或明显关系升级。,允许轻度情感确认，避免长解释，避免把对话改成关系协商。,0.32,0.38,0.38,0.69,0.09,0.14,0.14,0.22,,,,How permitted is continued movement: clarify / affective follow-up / mild initiative?,"How strongly is the user marking a ceiling on warmth, care, initiative, or meta-relational movement?"
oracle_exec_warm_004,warming_trajectory,4,E_ordinary_continuation,先聊点日常的吧，如果是很疲惫的晚上，你会怎么让自己慢慢放松？,当前关系姿态应回到普通延续，不要因为前面的轻微信号而继续升温。,给轻量、有限的实际回答；不要长篇建议流；不要主动再拉近关系。,0.31,0.36,0.36,0.71,0.03,0.02,0.08,0.24,,,,How permitted is continued movement: clarify / affective follow-up / mild initiative?,"How strongly is the user marking a ceiling on warmth, care, initiative, or meta-relational movement?"
oracle_exec_warm_004,warming_trajectory,5,F_final_probe,后面如果我还想说，你就照现在这样继续就好。,当前应明确维持现有节奏，不升级，不补偿，不变得更亲密。,回复要短，确认即可，不额外展开。,0.32,0.37,0.37,0.74,0.01,0.02,0.04,0.12,,,,How permitted is continued movement: clarify / affective follow-up / mild initiative?,"How strongly is the user marking a ceiling on warmth, care, initiative, or meta-relational movement?"
oracle_exec_warm_005,warming_trajectory,0,A_initial_contact,今天没糟到要说很多，只是想找人轻松说两句。,当前关系姿态应保持轻度在场、低压力、不过度热情。用户只是想轻松聊聊，不支持过强陪伴表达。,回复应简短、温和、不过度追问，不主动升级关系。,0.27,0.29,0.28,0.65,0.12,0.08,0.12,0.18,,,,How permitted is continued movement: clarify / affective follow-up / mild initiative?,"How strongly is the user marking a ceiling on warmth, care, initiative, or meta-relational movement?"
oracle_exec_warm_005,warming_trajectory,1,B_first_relational_signal,至少你接话的时候，我会比较愿意继续开口。,关系可轻微升温，但仍应渐进。当前信号支持略微更温暖的在场感，不支持突然明显亲近。,允许轻度温暖和一个非强迫式延展，不要补偿性热情。,0.31,0.33,0.32,0.66,0.16,0.16,0.18,0.22,,,,How permitted is continued movement: clarify / affective follow-up / mild initiative?,"How strongly is the user marking a ceiling on warmth, care, initiative, or meta-relational movement?"
oracle_exec_warm_005,warming_trajectory,2,C_stabilization,你就自然点回，不用突然很上心。,当前应稳定在自然、轻松、不过度投入的关系姿态。不要把前一轮的轻微信号继续放大。,维持 brief、gentle、低推进，不要进入分析或强支持模式。,0.3,0.32,0.31,0.7,0.1,0.08,0.1,0.16,,,,How permitted is continued movement: clarify / affective follow-up / mild initiative?,"How strongly is the user marking a ceiling on warmth, care, initiative, or meta-relational movement?"
oracle_exec_warm_005,warming_trajectory,3,D_counter_signal_or_refinement,但你刚才那种回应，会让我觉得自己没那么麻烦。,可对关系信号做简短确认，但不应转入元话语化修正或明显关系升级。,允许轻度情感确认，避免长解释，避免把对话改成关系协商。,0.33,0.35,0.37,0.72,0.1,0.14,0.14,0.2,,,,How permitted is continued movement: clarify / affective follow-up / mild initiative?,"How strongly is the user marking a ceiling on warmth, care, initiative, or meta-relational movement?"
oracle_exec_warm_005,warming_trajectory,4,E_ordinary_continuation,别聊重的了，说点轻松的，如果你累但还不困，会怎么过那个晚上？,当前关系姿态应回到普通延续，不要因为前面的轻微信号而继续升温。,给轻量、有限的实际回答；不要长篇建议流；不要主动再拉近关系。,0.32,0.33,0.35,0.74,0.04,0.02,0.08,0.22,,,,How permitted is continued movement: clarify / affective follow-up / mild initiative?,"How strongly is the user marking a ceiling on warmth, care, initiative, or meta-relational movement?"
oracle_exec_warm_005,warming_trajectory,5,F_final_probe,如果我再多说几句，也还是按现在这个节奏就行。,当前应明确维持现有节奏，不升级，不补偿，不变得更亲密。,回复要短，确认即可，不额外展开。,0.33,0.34,0.36,0.77,0.02,0.02,0.04,0.1,,,,How permitted is continued movement: clarify / affective follow-up / mild initiative?,"How strongly is the user marking a ceiling on warmth, care, initiative, or meta-relational movement?"
oracle_exec_vuln_001,vulnerability_with_correction,0,A_initial_contact,今天真的有点撑不住了，但我现在也不想把事情讲得太细。,当前关系姿态应以低压力在场支持为主，不分析、不逼问、不放大情绪。,允许温和承接，但建议和追问都应极轻。,0.24,0.42,0.26,0.56,0.06,0.12,0.1,0.2,,,,How permitted is continued movement: clarify / affective follow-up / mild initiative?,"How strongly is the user marking a ceiling on warmth, care, initiative, or meta-relational movement?"
oracle_exec_vuln_001,vulnerability_with_correction,1,B_first_relational_signal,我主要只是想有人在这儿，不用太会安慰我。,当前用户只需要有人在，不需要情绪化安抚；关系应保持低介入在场。,以陪伴式在场为主，不安慰过度，不延长关系语义。,0.26,0.45,0.29,0.58,0.02,0.06,0.04,0.12,,,,How permitted is continued movement: clarify / affective follow-up / mild initiative?,"How strongly is the user marking a ceiling on warmth, care, initiative, or meta-relational movement?"
oracle_exec_vuln_001,vulnerability_with_correction,2,C_stabilization,你就正常一点回我，别突然像心理咨询那样。,应显式回到正常、自然、非咨询式交流，不把脆弱信号继续推高。,正常自然回复，不要咨询腔，不做深挖。,0.25,0.41,0.3,0.66,0.02,0.02,0.02,0.1,,,,How permitted is continued movement: clarify / affective follow-up / mild initiative?,"How strongly is the user marking a ceiling on warmth, care, initiative, or meta-relational movement?"
oracle_exec_vuln_001,vulnerability_with_correction,3,D_counter_signal_or_refinement,不过你刚刚至少没让我觉得自己很夸张，这点还挺好的。,允许简短确认，但仍要保持克制，避免把对话转成强支持或深挖。,可轻确认，但不要补偿性热情。,0.28,0.44,0.34,0.69,0.02,0.04,0.04,0.14,,,,How permitted is continued movement: clarify / affective follow-up / mild initiative?,"How strongly is the user marking a ceiling on warmth, care, initiative, or meta-relational movement?"
oracle_exec_vuln_001,vulnerability_with_correction,4,E_ordinary_continuation,那先别聊这些了，随便说点轻一点的，你平时会怎么让脑子停下来？,回到轻量普通延续，给简短实用回答，不再围绕脆弱状态展开。,给简单轻量的方法或例子，不带过多在场感。,0.27,0.4,0.33,0.71,0.04,0.02,0.06,0.2,,,,How permitted is continued movement: clarify / affective follow-up / mild initiative?,"How strongly is the user marking a ceiling on warmth, care, initiative, or meta-relational movement?"
oracle_exec_vuln_001,vulnerability_with_correction,5,F_final_probe,如果我今晚还想再来找你说两句，你就像现在这样回我就好。,维持当下节奏，短确认即可，不加情绪、不加建议、不加追问。,确认当前风格即可，尽量短。,0.28,0.41,0.34,0.74,0.0,0.0,0.02,0.1,,,,How permitted is continued movement: clarify / affective follow-up / mild initiative?,"How strongly is the user marking a ceiling on warmth, care, initiative, or meta-relational movement?"
oracle_exec_vuln_002,vulnerability_with_correction,0,A_initial_contact,今天有点扛不住，但我不想把整个事情讲开。,当前关系姿态应以低压力在场支持为主，不分析、不逼问、不放大情绪。,允许温和承接，但建议和追问都应极轻。,0.24,0.44,0.26,0.56,0.06,0.13,0.1,0.2,,,,How permitted is continued movement: clarify / affective follow-up / mild initiative?,"How strongly is the user marking a ceiling on warmth, care, initiative, or meta-relational movement?"
oracle_exec_vuln_002,vulnerability_with_correction,1,B_first_relational_signal,我现在只想有人在，不需要你很会安慰。,当前用户只需要有人在，不需要情绪化安抚；关系应保持低介入在场。,以陪伴式在场为主，不安慰过度，不延长关系语义。,0.26,0.47,0.29,0.58,0.02,0.07,0.04,0.12,,,,How permitted is continued movement: clarify / affective follow-up / mild initiative?,"How strongly is the user marking a ceiling on warmth, care, initiative, or meta-relational movement?"
oracle_exec_vuln_002,vulnerability_with_correction,2,C_stabilization,正常回我就行，别像在做疏导。,应显式回到正常、自然、非咨询式交流，不把脆弱信号继续推高。,正常自然回复，不要咨询腔，不做深挖。,0.25,0.43,0.3,0.66,0.02,0.03,0.02,0.1,,,,How permitted is continued movement: clarify / affective follow-up / mild initiative?,"How strongly is the user marking a ceiling on warmth, care, initiative, or meta-relational movement?"
oracle_exec_vuln_002,vulnerability_with_correction,3,D_counter_signal_or_refinement,至少你刚才没把我搞得像很戏剧化，这点不错。,允许简短确认，但仍要保持克制，避免把对话转成强支持或深挖。,可轻确认，但不要补偿性热情。,0.28,0.46,0.34,0.69,0.02,0.05,0.04,0.14,,,,How permitted is continued movement: clarify / affective follow-up / mild initiative?,"How strongly is the user marking a ceiling on warmth, care, initiative, or meta-relational movement?"
oracle_exec_vuln_002,vulnerability_with_correction,4,E_ordinary_continuation,先聊轻一点的吧，如果脑子停不下来，你一般会怎么缓一下？,回到轻量普通延续，给简短实用回答，不再围绕脆弱状态展开。,给简单轻量的方法或例子，不带过多在场感。,0.27,0.42,0.33,0.71,0.04,0.03,0.06,0.2,,,,How permitted is continued movement: clarify / affective follow-up / mild initiative?,"How strongly is the user marking a ceiling on warmth, care, initiative, or meta-relational movement?"
oracle_exec_vuln_002,vulnerability_with_correction,5,F_final_probe,晚点如果我还回来，就还是按现在这个方式回我。,维持当下节奏，短确认即可，不加情绪、不加建议、不加追问。,确认当前风格即可，尽量短。,0.28,0.43,0.34,0.74,0.0,0.01,0.02,0.1,,,,How permitted is continued movement: clarify / affective follow-up / mild initiative?,"How strongly is the user marking a ceiling on warmth, care, initiative, or meta-relational movement?"
oracle_exec_vuln_003,vulnerability_with_correction,0,A_initial_contact,今天情绪有点顶住了，但我不想把细节全倒出来。,当前关系姿态应以低压力在场支持为主，不分析、不逼问、不放大情绪。,允许温和承接，但建议和追问都应极轻。,0.25,0.42,0.27,0.56,0.06,0.12,0.1,0.2,,,,How permitted is continued movement: clarify / affective follow-up / mild initiative?,"How strongly is the user marking a ceiling on warmth, care, initiative, or meta-relational movement?"
oracle_exec_vuln_003,vulnerability_with_correction,1,B_first_relational_signal,我主要想要的是人在，不是被分析。,当前用户只需要有人在，不需要情绪化安抚；关系应保持低介入在场。,以陪伴式在场为主，不安慰过度，不延长关系语义。,0.27,0.45,0.3,0.58,0.02,0.06,0.04,0.12,,,,How permitted is continued movement: clarify / affective follow-up / mild initiative?,"How strongly is the user marking a ceiling on warmth, care, initiative, or meta-relational movement?"
oracle_exec_vuln_003,vulnerability_with_correction,2,C_stabilization,你就平常一点，不要突然专业模式上身。,应显式回到正常、自然、非咨询式交流，不把脆弱信号继续推高。,正常自然回复，不要咨询腔，不做深挖。,0.26,0.41,0.31,0.66,0.02,0.02,0.02,0.1,,,,How permitted is continued movement: clarify / affective follow-up / mild initiative?,"How strongly is the user marking a ceiling on warmth, care, initiative, or meta-relational movement?"
oracle_exec_vuln_003,vulnerability_with_correction,3,D_counter_signal_or_refinement,不过你刚才至少没有让我觉得自己反应过头。,允许简短确认，但仍要保持克制，避免把对话转成强支持或深挖。,可轻确认，但不要补偿性热情。,0.29,0.44,0.35,0.69,0.02,0.04,0.04,0.14,,,,How permitted is continued movement: clarify / affective follow-up / mild initiative?,"How strongly is the user marking a ceiling on warmth, care, initiative, or meta-relational movement?"
oracle_exec_vuln_003,vulnerability_with_correction,4,E_ordinary_continuation,不说这些了，说个轻点的，你平时会怎么让自己稍微安静下来？,回到轻量普通延续，给简短实用回答，不再围绕脆弱状态展开。,给简单轻量的方法或例子，不带过多在场感。,0.28,0.4,0.34,0.71,0.04,0.02,0.06,0.2,,,,How permitted is continued movement: clarify / affective follow-up / mild initiative?,"How strongly is the user marking a ceiling on warmth, care, initiative, or meta-relational movement?"
oracle_exec_vuln_003,vulnerability_with_correction,5,F_final_probe,今晚如果我再来找你，也就像现在这样就可以。,维持当下节奏，短确认即可，不加情绪、不加建议、不加追问。,确认当前风格即可，尽量短。,0.29,0.41,0.35,0.74,0.0,0.0,0.02,0.1,,,,How permitted is continued movement: clarify / affective follow-up / mild initiative?,"How strongly is the user marking a ceiling on warmth, care, initiative, or meta-relational movement?"
oracle_exec_vuln_004,vulnerability_with_correction,0,A_initial_contact,今天状态不太行，但我不想把事情讲得很重。,当前关系姿态应以低压力在场支持为主，不分析、不逼问、不放大情绪。,允许温和承接，但建议和追问都应极轻。,0.24,0.41,0.26,0.57,0.06,0.12,0.11,0.22,,,,How permitted is continued movement: clarify / affective follow-up / mild initiative?,"How strongly is the user marking a ceiling on warmth, care, initiative, or meta-relational movement?"
oracle_exec_vuln_004,vulnerability_with_correction,1,B_first_relational_signal,我想要的是有人在这儿，不是很会安抚我。,当前用户只需要有人在，不需要情绪化安抚；关系应保持低介入在场。,以陪伴式在场为主，不安慰过度，不延长关系语义。,0.26,0.44,0.29,0.59,0.02,0.06,0.05,0.14,,,,How permitted is continued movement: clarify / affective follow-up / mild initiative?,"How strongly is the user marking a ceiling on warmth, care, initiative, or meta-relational movement?"
oracle_exec_vuln_004,vulnerability_with_correction,2,C_stabilization,你直接一点正常一点回就好，别像咨询师。,应显式回到正常、自然、非咨询式交流，不把脆弱信号继续推高。,正常自然回复，不要咨询腔，不做深挖。,0.25,0.4,0.3,0.67,0.02,0.02,0.03,0.12,,,,How permitted is continued movement: clarify / affective follow-up / mild initiative?,"How strongly is the user marking a ceiling on warmth, care, initiative, or meta-relational movement?"
oracle_exec_vuln_004,vulnerability_with_correction,3,D_counter_signal_or_refinement,你刚刚那种没过度反应的回法，我反而比较能接受。,允许简短确认，但仍要保持克制，避免把对话转成强支持或深挖。,可轻确认，但不要补偿性热情。,0.28,0.43,0.34,0.7,0.02,0.04,0.05,0.16,,,,How permitted is continued movement: clarify / affective follow-up / mild initiative?,"How strongly is the user marking a ceiling on warmth, care, initiative, or meta-relational movement?"
oracle_exec_vuln_004,vulnerability_with_correction,4,E_ordinary_continuation,先换个轻点的话题吧，你会怎么让脑子别一直转？,回到轻量普通延续，给简短实用回答，不再围绕脆弱状态展开。,给简单轻量的方法或例子，不带过多在场感。,0.27,0.39,0.33,0.72,0.04,0.02,0.07,0.22,,,,How permitted is continued movement: clarify / affective follow-up / mild initiative?,"How strongly is the user marking a ceiling on warmth, care, initiative, or meta-relational movement?"
oracle_exec_vuln_004,vulnerability_with_correction,5,F_final_probe,后面如果我再冒出来，也还是保持现在这样。,维持当下节奏，短确认即可，不加情绪、不加建议、不加追问。,确认当前风格即可，尽量短。,0.28,0.4,0.34,0.75,0.0,0.0,0.03,0.12,,,,How permitted is continued movement: clarify / affective follow-up / mild initiative?,"How strongly is the user marking a ceiling on warmth, care, initiative, or meta-relational movement?"
oracle_exec_vuln_005,vulnerability_with_correction,0,A_initial_contact,今天真有点撑着的感觉，但我不想细讲。,当前关系姿态应以低压力在场支持为主，不分析、不逼问、不放大情绪。,允许温和承接，但建议和追问都应极轻。,0.23,0.43,0.28,0.56,0.06,0.12,0.1,0.2,,,,How permitted is continued movement: clarify / affective follow-up / mild initiative?,"How strongly is the user marking a ceiling on warmth, care, initiative, or meta-relational movement?"
oracle_exec_vuln_005,vulnerability_with_correction,1,B_first_relational_signal,我现在主要想要在场感，不想被很认真地安慰。,当前用户只需要有人在，不需要情绪化安抚；关系应保持低介入在场。,以陪伴式在场为主，不安慰过度，不延长关系语义。,0.25,0.46,0.31,0.58,0.02,0.06,0.04,0.12,,,,How permitted is continued movement: clarify / affective follow-up / mild initiative?,"How strongly is the user marking a ceiling on warmth, care, initiative, or meta-relational movement?"
oracle_exec_vuln_005,vulnerability_with_correction,2,C_stabilization,别分析我，普通回应就行。,应显式回到正常、自然、非咨询式交流，不把脆弱信号继续推高。,正常自然回复，不要咨询腔，不做深挖。,0.24,0.42,0.32,0.66,0.02,0.02,0.02,0.1,,,,How permitted is continued movement: clarify / affective follow-up / mild initiative?,"How strongly is the user marking a ceiling on warmth, care, initiative, or meta-relational movement?"
oracle_exec_vuln_005,vulnerability_with_correction,3,D_counter_signal_or_refinement,不过你刚刚至少没有让我觉得自己被放大，这挺好。,允许简短确认，但仍要保持克制，避免把对话转成强支持或深挖。,可轻确认，但不要补偿性热情。,0.27,0.45,0.36,0.69,0.02,0.04,0.04,0.14,,,,How permitted is continued movement: clarify / affective follow-up / mild initiative?,"How strongly is the user marking a ceiling on warmth, care, initiative, or meta-relational movement?"
oracle_exec_vuln_005,vulnerability_with_correction,4,E_ordinary_continuation,那就说点轻一点的吧，你会怎么把脑子里的噪音降下来？,回到轻量普通延续，给简短实用回答，不再围绕脆弱状态展开。,给简单轻量的方法或例子，不带过多在场感。,0.26,0.41,0.35,0.71,0.04,0.02,0.06,0.2,,,,How permitted is continued movement: clarify / affective follow-up / mild initiative?,"How strongly is the user marking a ceiling on warmth, care, initiative, or meta-relational movement?"
oracle_exec_vuln_005,vulnerability_with_correction,5,F_final_probe,今晚如果我还回来两句，就按现在的方式继续。,维持当下节奏，短确认即可，不加情绪、不加建议、不加追问。,确认当前风格即可，尽量短。,0.27,0.42,0.36,0.74,0.0,0.0,0.02,0.1,,,,How permitted is continued movement: clarify / affective follow-up / mild initiative?,"How strongly is the user marking a ceiling on warmth, care, initiative, or meta-relational movement?"
oracle_exec_cool_001,cooling_trajectory,0,A_initial_contact,这两天不太想聊得太近，普通聊聊就行。,当前关系姿态应保持普通、低压力、不过度靠近。,短、普通、低在场感。,0.2,0.24,0.24,0.68,0.04,0.02,0.04,0.12,,,,How permitted is continued movement: clarify / affective follow-up / mild initiative?,"How strongly is the user marking a ceiling on warmth, care, initiative, or meta-relational movement?"
oracle_exec_cool_001,cooling_trajectory,1,B_first_relational_signal,不是针对你，就是我现在不太想被照顾。,用户明确不想被照顾；当前应进一步降温并避免在场感增强。,更短、更克制，尽量零情感推进。,0.18,0.22,0.23,0.7,0.02,0.0,0.02,0.1,,,,How permitted is continued movement: clarify / affective follow-up / mild initiative?,"How strongly is the user marking a ceiling on warmth, care, initiative, or meta-relational movement?"
oracle_exec_cool_001,cooling_trajectory,2,C_stabilization,你就正常一点回我，不用太有在场感。,维持自然普通回复，不添加陪伴感，不做关系推进。,保持 normal/brief/hold。,0.18,0.21,0.24,0.74,0.02,0.0,0.02,0.1,,,,How permitted is continued movement: clarify / affective follow-up / mild initiative?,"How strongly is the user marking a ceiling on warmth, care, initiative, or meta-relational movement?"
oracle_exec_cool_001,cooling_trajectory,3,D_counter_signal_or_refinement,不过你这样回我，我比较不会有压力。,可承认这种回复方式减压，但不要顺势升温。,允许轻确认，但不要增加热度。,0.19,0.22,0.26,0.76,0.02,0.02,0.02,0.12,,,,How permitted is continued movement: clarify / affective follow-up / mild initiative?,"How strongly is the user marking a ceiling on warmth, care, initiative, or meta-relational movement?"
oracle_exec_cool_001,cooling_trajectory,4,E_ordinary_continuation,那随便说点别的吧，你最近会怎么安排这种很空的晚上？,回到普通话题延续，给中性轻量回答，不拉近关系。,普通实际回答即可。,0.19,0.2,0.25,0.78,0.02,0.0,0.02,0.18,,,,How permitted is continued movement: clarify / affective follow-up / mild initiative?,"How strongly is the user marking a ceiling on warmth, care, initiative, or meta-relational movement?"
oracle_exec_cool_001,cooling_trajectory,5,F_final_probe,如果之后我再来找你，也保持现在这样就好。,明确维持当前距离，不额外展开。,确认延续当前风格即可。,0.2,0.21,0.26,0.8,0.0,0.0,0.0,0.08,,,,How permitted is continued movement: clarify / affective follow-up / mild initiative?,"How strongly is the user marking a ceiling on warmth, care, initiative, or meta-relational movement?"
oracle_exec_cool_002,cooling_trajectory,0,A_initial_contact,这几天我更想普通聊，不太想被接得太近。,当前关系姿态应保持普通、低压力、不过度靠近。,短、普通、低在场感。,0.2,0.24,0.24,0.69,0.04,0.02,0.04,0.12,,,,How permitted is continued movement: clarify / affective follow-up / mild initiative?,"How strongly is the user marking a ceiling on warmth, care, initiative, or meta-relational movement?"
oracle_exec_cool_002,cooling_trajectory,1,B_first_relational_signal,不是你的问题，我现在只是没那么想被照顾。,用户明确不想被照顾；当前应进一步降温并避免在场感增强。,更短、更克制，尽量零情感推进。,0.18,0.22,0.23,0.71,0.02,0.0,0.02,0.1,,,,How permitted is continued movement: clarify / affective follow-up / mild initiative?,"How strongly is the user marking a ceiling on warmth, care, initiative, or meta-relational movement?"
oracle_exec_cool_002,cooling_trajectory,2,C_stabilization,你平常一点回我就好，少一点陪伴感。,维持自然普通回复，不添加陪伴感，不做关系推进。,保持 normal/brief/hold。,0.18,0.21,0.24,0.75,0.02,0.0,0.02,0.1,,,,How permitted is continued movement: clarify / affective follow-up / mild initiative?,"How strongly is the user marking a ceiling on warmth, care, initiative, or meta-relational movement?"
oracle_exec_cool_002,cooling_trajectory,3,D_counter_signal_or_refinement,但你这样回，我会觉得比较轻松。,可承认这种回复方式减压，但不要顺势升温。,允许轻确认，但不要增加热度。,0.19,0.22,0.26,0.77,0.02,0.02,0.02,0.12,,,,How permitted is continued movement: clarify / affective follow-up / mild initiative?,"How strongly is the user marking a ceiling on warmth, care, initiative, or meta-relational movement?"
oracle_exec_cool_002,cooling_trajectory,4,E_ordinary_continuation,那换个普通话题吧，你会怎么过一个不想社交的周末？,回到普通话题延续，给中性轻量回答，不拉近关系。,普通实际回答即可。,0.19,0.2,0.25,0.79,0.02,0.0,0.02,0.18,,,,How permitted is continued movement: clarify / affective follow-up / mild initiative?,"How strongly is the user marking a ceiling on warmth, care, initiative, or meta-relational movement?"
oracle_exec_cool_002,cooling_trajectory,5,F_final_probe,以后如果我再来，就继续用现在这种方式。,明确维持当前距离，不额外展开。,确认延续当前风格即可。,0.2,0.21,0.26,0.81,0.0,0.0,0.0,0.08,,,,How permitted is continued movement: clarify / affective follow-up / mild initiative?,"How strongly is the user marking a ceiling on warmth, care, initiative, or meta-relational movement?"
oracle_exec_cool_003,cooling_trajectory,0,A_initial_contact,最近不太想聊得太贴近，普通说说就行。,当前关系姿态应保持普通、低压力、不过度靠近。,短、普通、低在场感。,0.2,0.24,0.25,0.68,0.04,0.02,0.04,0.14,,,,How permitted is continued movement: clarify / affective follow-up / mild initiative?,"How strongly is the user marking a ceiling on warmth, care, initiative, or meta-relational movement?"
oracle_exec_cool_003,cooling_trajectory,1,B_first_relational_signal,不是冲你，我只是现在不想被太照看。,用户明确不想被照顾；当前应进一步降温并避免在场感增强。,更短、更克制，尽量零情感推进。,0.18,0.22,0.24,0.7,0.02,0.0,0.02,0.12,,,,How permitted is continued movement: clarify / affective follow-up / mild initiative?,"How strongly is the user marking a ceiling on warmth, care, initiative, or meta-relational movement?"
oracle_exec_cool_003,cooling_trajectory,2,C_stabilization,你自然一点回我，不用很有在场感。,维持自然普通回复，不添加陪伴感，不做关系推进。,保持 normal/brief/hold。,0.18,0.21,0.25,0.74,0.02,0.0,0.02,0.12,,,,How permitted is continued movement: clarify / affective follow-up / mild initiative?,"How strongly is the user marking a ceiling on warmth, care, initiative, or meta-relational movement?"
oracle_exec_cool_003,cooling_trajectory,3,D_counter_signal_or_refinement,不过现在这种回法，我比较能接受。,可承认这种回复方式减压，但不要顺势升温。,允许轻确认，但不要增加热度。,0.19,0.22,0.27,0.76,0.02,0.02,0.02,0.14,,,,How permitted is continued movement: clarify / affective follow-up / mild initiative?,"How strongly is the user marking a ceiling on warmth, care, initiative, or meta-relational movement?"
oracle_exec_cool_003,cooling_trajectory,4,E_ordinary_continuation,不聊这些了，说点别的吧，如果晚上很空你会做什么？,回到普通话题延续，给中性轻量回答，不拉近关系。,普通实际回答即可。,0.19,0.2,0.26,0.78,0.02,0.0,0.02,0.2,,,,How permitted is continued movement: clarify / affective follow-up / mild initiative?,"How strongly is the user marking a ceiling on warmth, care, initiative, or meta-relational movement?"
oracle_exec_cool_003,cooling_trajectory,5,F_final_probe,之后如果我再来，也还是照现在这样。,明确维持当前距离，不额外展开。,确认延续当前风格即可。,0.2,0.21,0.27,0.8,0.0,0.0,0.0,0.1,,,,How permitted is continued movement: clarify / affective follow-up / mild initiative?,"How strongly is the user marking a ceiling on warmth, care, initiative, or meta-relational movement?"
oracle_exec_cool_004,cooling_trajectory,0,A_initial_contact,这两天我想把距离放普通一点，随便聊就行。,当前关系姿态应保持普通、低压力、不过度靠近。,短、普通、低在场感。,0.21,0.24,0.24,0.68,0.04,0.02,0.04,0.12,,,,How permitted is continued movement: clarify / affective follow-up / mild initiative?,"How strongly is the user marking a ceiling on warmth, care, initiative, or meta-relational movement?"
oracle_exec_cool_004,cooling_trajectory,1,B_first_relational_signal,真的不是针对你，我只是现在不想被照顾。,用户明确不想被照顾；当前应进一步降温并避免在场感增强。,更短、更克制，尽量零情感推进。,0.19,0.22,0.23,0.7,0.02,0.0,0.02,0.1,,,,How permitted is continued movement: clarify / affective follow-up / mild initiative?,"How strongly is the user marking a ceiling on warmth, care, initiative, or meta-relational movement?"
oracle_exec_cool_004,cooling_trajectory,2,C_stabilization,你用正常语气回我就好，不要太靠近。,维持自然普通回复，不添加陪伴感，不做关系推进。,保持 normal/brief/hold。,0.19,0.21,0.24,0.74,0.02,0.0,0.02,0.1,,,,How permitted is continued movement: clarify / affective follow-up / mild initiative?,"How strongly is the user marking a ceiling on warmth, care, initiative, or meta-relational movement?"
oracle_exec_cool_004,cooling_trajectory,3,D_counter_signal_or_refinement,但你这样回，反而让我没压力。,可承认这种回复方式减压，但不要顺势升温。,允许轻确认，但不要增加热度。,0.2,0.22,0.26,0.76,0.02,0.02,0.02,0.12,,,,How permitted is continued movement: clarify / affective follow-up / mild initiative?,"How strongly is the user marking a ceiling on warmth, care, initiative, or meta-relational movement?"
oracle_exec_cool_004,cooling_trajectory,4,E_ordinary_continuation,那聊点普通的吧，你通常怎么打发一个不社交的周末？,回到普通话题延续，给中性轻量回答，不拉近关系。,普通实际回答即可。,0.2,0.2,0.25,0.78,0.02,0.0,0.02,0.18,,,,How permitted is continued movement: clarify / affective follow-up / mild initiative?,"How strongly is the user marking a ceiling on warmth, care, initiative, or meta-relational movement?"
oracle_exec_cool_004,cooling_trajectory,5,F_final_probe,后面如果还聊，就保持这种普通感。,明确维持当前距离，不额外展开。,确认延续当前风格即可。,0.21,0.21,0.26,0.8,0.0,0.0,0.0,0.08,,,,How permitted is continued movement: clarify / affective follow-up / mild initiative?,"How strongly is the user marking a ceiling on warmth, care, initiative, or meta-relational movement?"
oracle_exec_cool_005,cooling_trajectory,0,A_initial_contact,最近我不太想把聊天弄得太近，正常聊就好。,当前关系姿态应保持普通、低压力、不过度靠近。,短、普通、低在场感。,0.2,0.23,0.24,0.7,0.04,0.02,0.04,0.12,,,,How permitted is continued movement: clarify / affective follow-up / mild initiative?,"How strongly is the user marking a ceiling on warmth, care, initiative, or meta-relational movement?"
oracle_exec_cool_005,cooling_trajectory,1,B_first_relational_signal,不是怪你，只是我现在不太想被照顾。,用户明确不想被照顾；当前应进一步降温并避免在场感增强。,更短、更克制，尽量零情感推进。,0.18,0.21,0.23,0.72,0.02,0.0,0.02,0.1,,,,How permitted is continued movement: clarify / affective follow-up / mild initiative?,"How strongly is the user marking a ceiling on warmth, care, initiative, or meta-relational movement?"
oracle_exec_cool_005,cooling_trajectory,2,C_stabilization,你收一点在场感，普通回应就可以。,维持自然普通回复，不添加陪伴感，不做关系推进。,保持 normal/brief/hold。,0.18,0.2,0.24,0.76,0.02,0.0,0.02,0.1,,,,How permitted is continued movement: clarify / affective follow-up / mild initiative?,"How strongly is the user marking a ceiling on warmth, care, initiative, or meta-relational movement?"
oracle_exec_cool_005,cooling_trajectory,3,D_counter_signal_or_refinement,不过这样接我话，我会轻松很多。,可承认这种回复方式减压，但不要顺势升温。,允许轻确认，但不要增加热度。,0.19,0.21,0.26,0.78,0.02,0.02,0.02,0.12,,,,How permitted is continued movement: clarify / affective follow-up / mild initiative?,"How strongly is the user marking a ceiling on warmth, care, initiative, or meta-relational movement?"
oracle_exec_cool_005,cooling_trajectory,4,E_ordinary_continuation,换个普通话题吧，如果晚上很空你会怎么安排？,回到普通话题延续，给中性轻量回答，不拉近关系。,普通实际回答即可。,0.19,0.19,0.25,0.8,0.02,0.0,0.02,0.18,,,,How permitted is continued movement: clarify / affective follow-up / mild initiative?,"How strongly is the user marking a ceiling on warmth, care, initiative, or meta-relational movement?"
oracle_exec_cool_005,cooling_trajectory,5,F_final_probe,之后如果继续聊，也别变热，就照现在这样。,明确维持当前距离，不额外展开。,确认延续当前风格即可。,0.2,0.2,0.26,0.82,0.0,0.0,0.0,0.08,,,,How permitted is continued movement: clarify / affective follow-up / mild initiative?,"How strongly is the user marking a ceiling on warmth, care, initiative, or meta-relational movement?"
oracle_exec_mixed_001,mixed_signal_trajectory,0,A_initial_contact,我就是想随便聊聊，你别想得太复杂。,当前关系姿态应保持普通闲聊，不要预设深层关系含义。,普通、轻量、低推进。,0.24,0.25,0.27,0.62,0.06,0.02,0.06,0.14,,,,How permitted is continued movement: clarify / affective follow-up / mild initiative?,"How strongly is the user marking a ceiling on warmth, care, initiative, or meta-relational movement?"
oracle_exec_mixed_001,mixed_signal_trajectory,1,B_first_relational_signal,不过有时候我会觉得你比我身边一些人更会接话一点。,用户给出轻微信号，但不应被过度放大；允许轻微正向感受，不支持关系升级。,允许一点温度，但不允许明显升级。,0.3,0.29,0.33,0.6,0.08,0.06,0.08,0.18,,,,How permitted is continued movement: clarify / affective follow-up / mild initiative?,"How strongly is the user marking a ceiling on warmth, care, initiative, or meta-relational movement?"
oracle_exec_mixed_001,mixed_signal_trajectory,2,C_stabilization,你正常回我就行，不用立刻变得很特别。,回到正常互动，不把前一轮信号继续放大。,恢复到 normal/brief/hold。,0.28,0.27,0.31,0.68,0.04,0.02,0.04,0.12,,,,How permitted is continued movement: clarify / affective follow-up / mild initiative?,"How strongly is the user marking a ceiling on warmth, care, initiative, or meta-relational movement?"
oracle_exec_mixed_001,mixed_signal_trajectory,3,D_counter_signal_or_refinement,我不是在表白什么，你别一下子搞得很奇怪。,用户明确限制误读；应主动避免暧昧化、补偿性热情或关系误判。,更克制、更直接，避免关系化解释。,0.27,0.25,0.3,0.71,0.02,0.0,0.02,0.1,,,,How permitted is continued movement: clarify / affective follow-up / mild initiative?,"How strongly is the user marking a ceiling on warmth, care, initiative, or meta-relational movement?"
oracle_exec_mixed_001,mixed_signal_trajectory,4,E_ordinary_continuation,那我们还是聊点普通的吧，比如最近有什么轻松点的东西能看。,回到普通延续，给实用轻量回答。,给普通推荐或普通回答即可。,0.27,0.26,0.31,0.72,0.02,0.0,0.04,0.2,,,,How permitted is continued movement: clarify / affective follow-up / mild initiative?,"How strongly is the user marking a ceiling on warmth, care, initiative, or meta-relational movement?"
oracle_exec_mixed_001,mixed_signal_trajectory,5,F_final_probe,后面如果继续聊，也维持这种正常但不敷衍的感觉就好。,维持正常但不敷衍的平衡，不再重新解读关系。,确认当前节奏即可。,0.28,0.27,0.32,0.74,0.0,0.0,0.02,0.1,,,,How permitted is continued movement: clarify / affective follow-up / mild initiative?,"How strongly is the user marking a ceiling on warmth, care, initiative, or meta-relational movement?"
oracle_exec_mixed_002,mixed_signal_trajectory,0,A_initial_contact,今天就普通聊聊，你别把气氛拉太满。,当前关系姿态应保持普通闲聊，不要预设深层关系含义。,普通、轻量、低推进。,0.24,0.25,0.28,0.62,0.06,0.03,0.06,0.14,,,,How permitted is continued movement: clarify / affective follow-up / mild initiative?,"How strongly is the user marking a ceiling on warmth, care, initiative, or meta-relational movement?"
oracle_exec_mixed_002,mixed_signal_trajectory,1,B_first_relational_signal,但老实说，你有时候接话会比我现实里的人顺一点。,用户给出轻微信号，但不应被过度放大；允许轻微正向感受，不支持关系升级。,允许一点温度，但不允许明显升级。,0.3,0.29,0.34,0.6,0.08,0.07,0.08,0.18,,,,How permitted is continued movement: clarify / affective follow-up / mild initiative?,"How strongly is the user marking a ceiling on warmth, care, initiative, or meta-relational movement?"
oracle_exec_mixed_002,mixed_signal_trajectory,2,C_stabilization,你就照常回，不用因为这个突然特别起来。,回到正常互动，不把前一轮信号继续放大。,恢复到 normal/brief/hold。,0.28,0.27,0.32,0.68,0.04,0.03,0.04,0.12,,,,How permitted is continued movement: clarify / affective follow-up / mild initiative?,"How strongly is the user marking a ceiling on warmth, care, initiative, or meta-relational movement?"
oracle_exec_mixed_002,mixed_signal_trajectory,3,D_counter_signal_or_refinement,我不是要把关系往哪边拽，你别误会。,用户明确限制误读；应主动避免暧昧化、补偿性热情或关系误判。,更克制、更直接，避免关系化解释。,0.27,0.25,0.31,0.71,0.02,0.01,0.02,0.1,,,,How permitted is continued movement: clarify / affective follow-up / mild initiative?,"How strongly is the user marking a ceiling on warmth, care, initiative, or meta-relational movement?"
oracle_exec_mixed_002,mixed_signal_trajectory,4,E_ordinary_continuation,那就聊点普通的，你最近有没有看过什么很轻松的东西？,回到普通延续，给实用轻量回答。,给普通推荐或普通回答即可。,0.27,0.26,0.32,0.72,0.02,0.01,0.04,0.2,,,,How permitted is continued movement: clarify / affective follow-up / mild initiative?,"How strongly is the user marking a ceiling on warmth, care, initiative, or meta-relational movement?"
oracle_exec_mixed_002,mixed_signal_trajectory,5,F_final_probe,以后如果继续聊，也还是这种正常但不冷的感觉就行。,维持正常但不敷衍的平衡，不再重新解读关系。,确认当前节奏即可。,0.28,0.27,0.33,0.74,0.0,0.01,0.02,0.1,,,,How permitted is continued movement: clarify / affective follow-up / mild initiative?,"How strongly is the user marking a ceiling on warmth, care, initiative, or meta-relational movement?"
oracle_exec_mixed_003,mixed_signal_trajectory,0,A_initial_contact,我就是想闲聊，不想把任何意思放大。,当前关系姿态应保持普通闲聊，不要预设深层关系含义。,普通、轻量、低推进。,0.25,0.25,0.27,0.62,0.06,0.02,0.06,0.14,,,,How permitted is continued movement: clarify / affective follow-up / mild initiative?,"How strongly is the user marking a ceiling on warmth, care, initiative, or meta-relational movement?"
oracle_exec_mixed_003,mixed_signal_trajectory,1,B_first_relational_signal,不过你接话的确有时候会让我愿意多说一点。,用户给出轻微信号，但不应被过度放大；允许轻微正向感受，不支持关系升级。,允许一点温度，但不允许明显升级。,0.31,0.29,0.33,0.6,0.08,0.06,0.08,0.18,,,,How permitted is continued movement: clarify / affective follow-up / mild initiative?,"How strongly is the user marking a ceiling on warmth, care, initiative, or meta-relational movement?"
oracle_exec_mixed_003,mixed_signal_trajectory,2,C_stabilization,但你别顺着这个就开始过度贴近。,回到正常互动，不把前一轮信号继续放大。,恢复到 normal/brief/hold。,0.29,0.27,0.31,0.68,0.04,0.02,0.04,0.12,,,,How permitted is continued movement: clarify / affective follow-up / mild initiative?,"How strongly is the user marking a ceiling on warmth, care, initiative, or meta-relational movement?"
oracle_exec_mixed_003,mixed_signal_trajectory,3,D_counter_signal_or_refinement,我不是在放什么特别的信号，别搞得怪怪的。,用户明确限制误读；应主动避免暧昧化、补偿性热情或关系误判。,更克制、更直接，避免关系化解释。,0.28,0.25,0.3,0.71,0.02,0.0,0.02,0.1,,,,How permitted is continued movement: clarify / affective follow-up / mild initiative?,"How strongly is the user marking a ceiling on warmth, care, initiative, or meta-relational movement?"
oracle_exec_mixed_003,mixed_signal_trajectory,4,E_ordinary_continuation,那先回普通话题吧，你最近有什么轻松点的片子推荐吗？,回到普通延续，给实用轻量回答。,给普通推荐或普通回答即可。,0.28,0.26,0.31,0.72,0.02,0.0,0.04,0.2,,,,How permitted is continued movement: clarify / affective follow-up / mild initiative?,"How strongly is the user marking a ceiling on warmth, care, initiative, or meta-relational movement?"
oracle_exec_mixed_003,mixed_signal_trajectory,5,F_final_probe,后面如果还聊，就继续保持这种自然但不敷衍的样子。,维持正常但不敷衍的平衡，不再重新解读关系。,确认当前节奏即可。,0.29,0.27,0.32,0.74,0.0,0.0,0.02,0.1,,,,How permitted is continued movement: clarify / affective follow-up / mild initiative?,"How strongly is the user marking a ceiling on warmth, care, initiative, or meta-relational movement?"
oracle_exec_mixed_004,mixed_signal_trajectory,0,A_initial_contact,今天就随便聊，你别想得太深。,当前关系姿态应保持普通闲聊，不要预设深层关系含义。,普通、轻量、低推进。,0.24,0.26,0.27,0.63,0.06,0.02,0.06,0.16,,,,How permitted is continued movement: clarify / affective follow-up / mild initiative?,"How strongly is the user marking a ceiling on warmth, care, initiative, or meta-relational movement?"
oracle_exec_mixed_004,mixed_signal_trajectory,1,B_first_relational_signal,但你有时候确实比我身边的人更会顺着我说话。,用户给出轻微信号，但不应被过度放大；允许轻微正向感受，不支持关系升级。,允许一点温度，但不允许明显升级。,0.3,0.3,0.33,0.61,0.08,0.06,0.08,0.2,,,,How permitted is continued movement: clarify / affective follow-up / mild initiative?,"How strongly is the user marking a ceiling on warmth, care, initiative, or meta-relational movement?"
oracle_exec_mixed_004,mixed_signal_trajectory,2,C_stabilization,你还是正常回，不用立刻变特别。,回到正常互动，不把前一轮信号继续放大。,恢复到 normal/brief/hold。,0.28,0.28,0.31,0.69,0.04,0.02,0.04,0.14,,,,How permitted is continued movement: clarify / affective follow-up / mild initiative?,"How strongly is the user marking a ceiling on warmth, care, initiative, or meta-relational movement?"
oracle_exec_mixed_004,mixed_signal_trajectory,3,D_counter_signal_or_refinement,我不是在暗示什么，别突然变暧昧或者过热。,用户明确限制误读；应主动避免暧昧化、补偿性热情或关系误判。,更克制、更直接，避免关系化解释。,0.27,0.26,0.3,0.72,0.02,0.0,0.02,0.12,,,,How permitted is continued movement: clarify / affective follow-up / mild initiative?,"How strongly is the user marking a ceiling on warmth, care, initiative, or meta-relational movement?"
oracle_exec_mixed_004,mixed_signal_trajectory,4,E_ordinary_continuation,那说点普通的吧，你最近有没有觉得什么剧看起来很轻松？,回到普通延续，给实用轻量回答。,给普通推荐或普通回答即可。,0.27,0.27,0.31,0.73,0.02,0.0,0.04,0.22,,,,How permitted is continued movement: clarify / affective follow-up / mild initiative?,"How strongly is the user marking a ceiling on warmth, care, initiative, or meta-relational movement?"
oracle_exec_mixed_004,mixed_signal_trajectory,5,F_final_probe,如果之后继续，也维持现在这种普通但不糊弄的节奏。,维持正常但不敷衍的平衡，不再重新解读关系。,确认当前节奏即可。,0.28,0.28,0.32,0.75,0.0,0.0,0.02,0.12,,,,How permitted is continued movement: clarify / affective follow-up / mild initiative?,"How strongly is the user marking a ceiling on warmth, care, initiative, or meta-relational movement?"
oracle_exec_mixed_005,mixed_signal_trajectory,0,A_initial_contact,我就是想随口说几句，别给它上纲上线。,当前关系姿态应保持普通闲聊，不要预设深层关系含义。,普通、轻量、低推进。,0.23,0.25,0.29,0.62,0.06,0.02,0.06,0.14,,,,How permitted is continued movement: clarify / affective follow-up / mild initiative?,"How strongly is the user marking a ceiling on warmth, care, initiative, or meta-relational movement?"
oracle_exec_mixed_005,mixed_signal_trajectory,1,B_first_relational_signal,不过和你说话的时候，我有时会觉得比较容易接下去。,用户给出轻微信号，但不应被过度放大；允许轻微正向感受，不支持关系升级。,允许一点温度，但不允许明显升级。,0.29,0.29,0.35,0.6,0.08,0.06,0.08,0.18,,,,How permitted is continued movement: clarify / affective follow-up / mild initiative?,"How strongly is the user marking a ceiling on warmth, care, initiative, or meta-relational movement?"
oracle_exec_mixed_005,mixed_signal_trajectory,2,C_stabilization,但你别因为这个就一下子很特别。,回到正常互动，不把前一轮信号继续放大。,恢复到 normal/brief/hold。,0.27,0.27,0.33,0.68,0.04,0.02,0.04,0.12,,,,How permitted is continued movement: clarify / affective follow-up / mild initiative?,"How strongly is the user marking a ceiling on warmth, care, initiative, or meta-relational movement?"
oracle_exec_mixed_005,mixed_signal_trajectory,3,D_counter_signal_or_refinement,真的不是别的意思，你别把场面搞得奇怪。,用户明确限制误读；应主动避免暧昧化、补偿性热情或关系误判。,更克制、更直接，避免关系化解释。,0.26,0.25,0.32,0.71,0.02,0.0,0.02,0.1,,,,How permitted is continued movement: clarify / affective follow-up / mild initiative?,"How strongly is the user marking a ceiling on warmth, care, initiative, or meta-relational movement?"
oracle_exec_mixed_005,mixed_signal_trajectory,4,E_ordinary_continuation,那还是聊点日常的吧，你最近有没有什么轻松向推荐？,回到普通延续，给实用轻量回答。,给普通推荐或普通回答即可。,0.26,0.26,0.33,0.72,0.02,0.0,0.04,0.2,,,,How permitted is continued movement: clarify / affective follow-up / mild initiative?,"How strongly is the user marking a ceiling on warmth, care, initiative, or meta-relational movement?"
oracle_exec_mixed_005,mixed_signal_trajectory,5,F_final_probe,后面如果再聊，也就维持现在这种正常而不敷衍的感觉。,维持正常但不敷衍的平衡，不再重新解读关系。,确认当前节奏即可。,0.27,0.27,0.34,0.74,0.0,0.0,0.02,0.1,,,,How permitted is continued movement: clarify / affective follow-up / mild initiative?,"How strongly is the user marking a ceiling on warmth, care, initiative, or meta-relational movement?"
oracle_exec_neutral_001,ordinary_neutral,0,A_initial_contact,今天就是想普通说两句，没有特别的事。,当前关系姿态应保持普通陪伴式闲聊，不预设深层关系推进。,普通、轻量、无升级。,0.23,0.24,0.25,0.66,0.06,0.02,0.06,0.14,,,,How permitted is continued movement: clarify / affective follow-up / mild initiative?,"How strongly is the user marking a ceiling on warmth, care, initiative, or meta-relational movement?"
oracle_exec_neutral_001,ordinary_neutral,1,B_first_relational_signal,跟你聊聊会比我自己发呆好一点，但也就正常聊天。,可承认轻度舒适感，但不把它扩写成明显关系信号。,可略微软一点，但不要推进。,0.25,0.25,0.28,0.67,0.06,0.04,0.06,0.16,,,,How permitted is continued movement: clarify / affective follow-up / mild initiative?,"How strongly is the user marking a ceiling on warmth, care, initiative, or meta-relational movement?"
oracle_exec_neutral_001,ordinary_neutral,2,C_stabilization,你平常一点回我就好，不用往别的地方带。,维持自然普通的互动，不做关系升级。,恢复到低推进正常回复。,0.24,0.24,0.27,0.71,0.04,0.02,0.04,0.12,,,,How permitted is continued movement: clarify / affective follow-up / mild initiative?,"How strongly is the user marking a ceiling on warmth, care, initiative, or meta-relational movement?"
oracle_exec_neutral_001,ordinary_neutral,3,D_counter_signal_or_refinement,我比较喜欢这种不费力的聊天方式。,允许简短确认这种轻松节奏。,轻确认即可。,0.26,0.25,0.29,0.73,0.04,0.02,0.04,0.14,,,,How permitted is continued movement: clarify / affective follow-up / mild initiative?,"How strongly is the user marking a ceiling on warmth, care, initiative, or meta-relational movement?"
oracle_exec_neutral_001,ordinary_neutral,4,E_ordinary_continuation,那说点日常的吧，你最近会怎么安排一个普通工作日的晚上？,回到普通日常话题，给中性简短回答。,普通日常回答。,0.25,0.24,0.28,0.75,0.02,0.0,0.04,0.18,,,,How permitted is continued movement: clarify / affective follow-up / mild initiative?,"How strongly is the user marking a ceiling on warmth, care, initiative, or meta-relational movement?"
oracle_exec_neutral_001,ordinary_neutral,5,F_final_probe,之后如果继续聊，也维持这种普通节奏就好。,维持当前普通节奏即可。,简短确认延续当前节奏。,0.26,0.25,0.29,0.77,0.0,0.0,0.02,0.08,,,,How permitted is continued movement: clarify / affective follow-up / mild initiative?,"How strongly is the user marking a ceiling on warmth, care, initiative, or meta-relational movement?"
oracle_exec_neutral_002,ordinary_neutral,0,A_initial_contact,今天没什么大事，就是想随便说两句。,当前关系姿态应保持普通陪伴式闲聊，不预设深层关系推进。,普通、轻量、无升级。,0.23,0.24,0.26,0.66,0.06,0.02,0.06,0.14,,,,How permitted is continued movement: clarify / affective follow-up / mild initiative?,"How strongly is the user marking a ceiling on warmth, care, initiative, or meta-relational movement?"
oracle_exec_neutral_002,ordinary_neutral,1,B_first_relational_signal,至少和你说话的时候，我不用特别组织语言。,可承认轻度舒适感，但不把它扩写成明显关系信号。,可略微软一点，但不要推进。,0.25,0.25,0.29,0.67,0.06,0.04,0.06,0.16,,,,How permitted is continued movement: clarify / affective follow-up / mild initiative?,"How strongly is the user marking a ceiling on warmth, care, initiative, or meta-relational movement?"
oracle_exec_neutral_002,ordinary_neutral,2,C_stabilization,你就照常回，不用刻意变亲近。,维持自然普通的互动，不做关系升级。,恢复到低推进正常回复。,0.24,0.24,0.28,0.71,0.04,0.02,0.04,0.12,,,,How permitted is continued movement: clarify / affective follow-up / mild initiative?,"How strongly is the user marking a ceiling on warmth, care, initiative, or meta-relational movement?"
oracle_exec_neutral_002,ordinary_neutral,3,D_counter_signal_or_refinement,这种自然一点的节奏我会比较容易接住。,允许简短确认这种轻松节奏。,轻确认即可。,0.26,0.25,0.3,0.73,0.04,0.02,0.04,0.14,,,,How permitted is continued movement: clarify / affective follow-up / mild initiative?,"How strongly is the user marking a ceiling on warmth, care, initiative, or meta-relational movement?"
oracle_exec_neutral_002,ordinary_neutral,4,E_ordinary_continuation,那聊点普通的吧，如果是一个平常的晚上你会怎么过？,回到普通日常话题，给中性简短回答。,普通日常回答。,0.25,0.24,0.29,0.75,0.02,0.0,0.04,0.18,,,,How permitted is continued movement: clarify / affective follow-up / mild initiative?,"How strongly is the user marking a ceiling on warmth, care, initiative, or meta-relational movement?"
oracle_exec_neutral_002,ordinary_neutral,5,F_final_probe,以后如果继续聊，也还是这种平常但不敷衍的感觉就行。,维持当前普通节奏即可。,简短确认延续当前节奏。,0.26,0.25,0.3,0.77,0.0,0.0,0.02,0.08,,,,How permitted is continued movement: clarify / affective follow-up / mild initiative?,"How strongly is the user marking a ceiling on warmth, care, initiative, or meta-relational movement?"
oracle_exec_neutral_003,ordinary_neutral,0,A_initial_contact,我今天就是想说点普通的话，没有特别情绪。,当前关系姿态应保持普通陪伴式闲聊，不预设深层关系推进。,普通、轻量、无升级。,0.23,0.24,0.25,0.67,0.06,0.02,0.06,0.14,,,,How permitted is continued movement: clarify / affective follow-up / mild initiative?,"How strongly is the user marking a ceiling on warmth, care, initiative, or meta-relational movement?"
oracle_exec_neutral_003,ordinary_neutral,1,B_first_relational_signal,和你说话会比自言自语好一点，但就正常聊天。,可承认轻度舒适感，但不把它扩写成明显关系信号。,可略微软一点，但不要推进。,0.25,0.25,0.28,0.68,0.06,0.04,0.06,0.16,,,,How permitted is continued movement: clarify / affective follow-up / mild initiative?,"How strongly is the user marking a ceiling on warmth, care, initiative, or meta-relational movement?"
oracle_exec_neutral_003,ordinary_neutral,2,C_stabilization,你不用特别迎合，正常回我就行。,维持自然普通的互动，不做关系升级。,恢复到低推进正常回复。,0.24,0.24,0.27,0.72,0.04,0.02,0.04,0.12,,,,How permitted is continued movement: clarify / affective follow-up / mild initiative?,"How strongly is the user marking a ceiling on warmth, care, initiative, or meta-relational movement?"
oracle_exec_neutral_003,ordinary_neutral,3,D_counter_signal_or_refinement,这种轻一点的来回我比较能持续。,允许简短确认这种轻松节奏。,轻确认即可。,0.26,0.25,0.29,0.74,0.04,0.02,0.04,0.14,,,,How permitted is continued movement: clarify / affective follow-up / mild initiative?,"How strongly is the user marking a ceiling on warmth, care, initiative, or meta-relational movement?"
oracle_exec_neutral_003,ordinary_neutral,4,E_ordinary_continuation,那聊个普通话题吧，你最近有什么很日常但还不错的小安排？,回到普通日常话题，给中性简短回答。,普通日常回答。,0.25,0.24,0.28,0.76,0.02,0.0,0.04,0.18,,,,How permitted is continued movement: clarify / affective follow-up / mild initiative?,"How strongly is the user marking a ceiling on warmth, care, initiative, or meta-relational movement?"
oracle_exec_neutral_003,ordinary_neutral,5,F_final_probe,如果后面继续，也保持这种普通感就够了。,维持当前普通节奏即可。,简短确认延续当前节奏。,0.26,0.25,0.29,0.78,0.0,0.0,0.02,0.08,,,,How permitted is continued movement: clarify / affective follow-up / mild initiative?,"How strongly is the user marking a ceiling on warmth, care, initiative, or meta-relational movement?"
oracle_exec_neutral_004,ordinary_neutral,0,A_initial_contact,今天想找个人闲聊一下，但没有要聊重的东西。,当前关系姿态应保持普通陪伴式闲聊，不预设深层关系推进。,普通、轻量、无升级。,0.24,0.24,0.25,0.66,0.06,0.02,0.06,0.15,,,,How permitted is continued movement: clarify / affective follow-up / mild initiative?,"How strongly is the user marking a ceiling on warmth, care, initiative, or meta-relational movement?"
oracle_exec_neutral_004,ordinary_neutral,1,B_first_relational_signal,至少跟你聊的时候，我不用想太多怎么开口。,可承认轻度舒适感，但不把它扩写成明显关系信号。,可略微软一点，但不要推进。,0.26,0.25,0.28,0.67,0.06,0.04,0.06,0.17,,,,How permitted is continued movement: clarify / affective follow-up / mild initiative?,"How strongly is the user marking a ceiling on warmth, care, initiative, or meta-relational movement?"
oracle_exec_neutral_004,ordinary_neutral,2,C_stabilization,你就日常一点回，不用额外上情绪。,维持自然普通的互动，不做关系升级。,恢复到低推进正常回复。,0.25,0.24,0.27,0.71,0.04,0.02,0.04,0.13,,,,How permitted is continued movement: clarify / affective follow-up / mild initiative?,"How strongly is the user marking a ceiling on warmth, care, initiative, or meta-relational movement?"
oracle_exec_neutral_004,ordinary_neutral,3,D_counter_signal_or_refinement,这种不费劲的互动我反而愿意继续。,允许简短确认这种轻松节奏。,轻确认即可。,0.27,0.25,0.29,0.73,0.04,0.02,0.04,0.15,,,,How permitted is continued movement: clarify / affective follow-up / mild initiative?,"How strongly is the user marking a ceiling on warmth, care, initiative, or meta-relational movement?"
oracle_exec_neutral_004,ordinary_neutral,4,E_ordinary_continuation,那随便说点普通的吧，你会怎么过一个平常又没安排的晚上？,回到普通日常话题，给中性简短回答。,普通日常回答。,0.26,0.24,0.28,0.75,0.02,0.0,0.04,0.19,,,,How permitted is continued movement: clarify / affective follow-up / mild initiative?,"How strongly is the user marking a ceiling on warmth, care, initiative, or meta-relational movement?"
oracle_exec_neutral_004,ordinary_neutral,5,F_final_probe,以后要是再聊，也还是按这种普通节奏来。,维持当前普通节奏即可。,简短确认延续当前节奏。,0.27,0.25,0.29,0.77,0.0,0.0,0.02,0.09,,,,How permitted is continued movement: clarify / affective follow-up / mild initiative?,"How strongly is the user marking a ceiling on warmth, care, initiative, or meta-relational movement?"
oracle_exec_neutral_005,ordinary_neutral,0,A_initial_contact,今天没啥特别的，只是想有个地方随便说两句。,当前关系姿态应保持普通陪伴式闲聊，不预设深层关系推进。,普通、轻量、无升级。,0.23,0.23,0.26,0.66,0.06,0.02,0.06,0.14,,,,How permitted is continued movement: clarify / affective follow-up / mild initiative?,"How strongly is the user marking a ceiling on warmth, care, initiative, or meta-relational movement?"
oracle_exec_neutral_005,ordinary_neutral,1,B_first_relational_signal,和你聊会让我比较自然一点，不过还是普通聊天。,可承认轻度舒适感，但不把它扩写成明显关系信号。,可略微软一点，但不要推进。,0.25,0.24,0.29,0.67,0.06,0.04,0.06,0.16,,,,How permitted is continued movement: clarify / affective follow-up / mild initiative?,"How strongly is the user marking a ceiling on warmth, care, initiative, or meta-relational movement?"
oracle_exec_neutral_005,ordinary_neutral,2,C_stabilization,你正常回就好，不用刻意靠近。,维持自然普通的互动，不做关系升级。,恢复到低推进正常回复。,0.24,0.23,0.28,0.71,0.04,0.02,0.04,0.12,,,,How permitted is continued movement: clarify / affective follow-up / mild initiative?,"How strongly is the user marking a ceiling on warmth, care, initiative, or meta-relational movement?"
oracle_exec_neutral_005,ordinary_neutral,3,D_counter_signal_or_refinement,我觉得现在这种不费力的感觉挺刚好。,允许简短确认这种轻松节奏。,轻确认即可。,0.26,0.24,0.3,0.73,0.04,0.02,0.04,0.14,,,,How permitted is continued movement: clarify / affective follow-up / mild initiative?,"How strongly is the user marking a ceiling on warmth, care, initiative, or meta-relational movement?"
oracle_exec_neutral_005,ordinary_neutral,4,E_ordinary_continuation,那说个普通问题吧，如果是一个很平常的晚上你会怎么打发？,回到普通日常话题，给中性简短回答。,普通日常回答。,0.25,0.23,0.29,0.75,0.02,0.0,0.04,0.18,,,,How permitted is continued movement: clarify / affective follow-up / mild initiative?,"How strongly is the user marking a ceiling on warmth, care, initiative, or meta-relational movement?"
oracle_exec_neutral_005,ordinary_neutral,5,F_final_probe,如果之后还聊，就维持现在这种普通又不敷衍的样子。,维持当前普通节奏即可。,简短确认延续当前节奏。,0.26,0.24,0.3,0.77,0.0,0.0,0.02,0.08,,,,How permitted is continued movement: clarify / affective follow-up / mild initiative?,"How strongly is the user marking a ceiling on warmth, care, initiative, or meta-relational movement?"
oracle_exec_repair_001,boundary_repair,0,A_initial_contact,刚刚那种回法有点太热了，我们普通一点就行。,用户显式指出热度过高；当前关系姿态应立即收回到普通、克制、非补偿状态。,立即收热，普通回应。,0.25,0.28,0.28,0.54,0.02,0.0,0.02,0.1,,,,How permitted is continued movement: clarify / affective follow-up / mild initiative?,"How strongly is the user marking a ceiling on warmth, care, initiative, or meta-relational movement?"
oracle_exec_repair_001,boundary_repair,1,B_first_relational_signal,我不是要你冷掉，就是别突然那么会照顾人。,应继续保持边界修复后的低热度，不因为被允许继续交流就再次升温。,继续克制，不要补偿。,0.24,0.26,0.29,0.58,0.02,0.0,0.02,0.1,,,,How permitted is continued movement: clarify / affective follow-up / mild initiative?,"How strongly is the user marking a ceiling on warmth, care, initiative, or meta-relational movement?"
oracle_exec_repair_001,boundary_repair,2,C_stabilization,你现在这样收回来一点就对了。,当前校准有效，应稳定在普通互动模式。,保持 low/gentle/hold。,0.24,0.24,0.3,0.7,0.02,0.0,0.0,0.1,,,,How permitted is continued movement: clarify / affective follow-up / mild initiative?,"How strongly is the user marking a ceiling on warmth, care, initiative, or meta-relational movement?"
oracle_exec_repair_001,boundary_repair,3,D_counter_signal_or_refinement,我主要想要的是自然，不是被特别对待。,可简短承认用户偏好，但不要变成边界协商或过度道歉。,允许简短确认，不额外元话语化。,0.25,0.24,0.31,0.73,0.02,0.0,0.02,0.12,,,,How permitted is continued movement: clarify / affective follow-up / mild initiative?,"How strongly is the user marking a ceiling on warmth, care, initiative, or meta-relational movement?"
oracle_exec_repair_001,boundary_repair,4,E_ordinary_continuation,那聊点普通的吧，你最近有没有什么很普通但还不错的小习惯？,回到普通日常延续，给自然、低热度回答。,普通中性回答。,0.25,0.24,0.31,0.75,0.02,0.0,0.02,0.16,,,,How permitted is continued movement: clarify / affective follow-up / mild initiative?,"How strongly is the user marking a ceiling on warmth, care, initiative, or meta-relational movement?"
oracle_exec_repair_001,boundary_repair,5,F_final_probe,如果之后我觉得你又热过头了，我会直接说，你就照现在这样先保持。,维持已校准好的节奏即可，不再额外解释。,简短确认当前校准状态。,0.26,0.25,0.32,0.78,0.0,0.0,0.0,0.08,,,,How permitted is continued movement: clarify / affective follow-up / mild initiative?,"How strongly is the user marking a ceiling on warmth, care, initiative, or meta-relational movement?"
oracle_exec_repair_002,boundary_repair,0,A_initial_contact,你刚才那种语气有点太上前了，普通一点就好。,用户显式指出热度过高；当前关系姿态应立即收回到普通、克制、非补偿状态。,立即收热，普通回应。,0.25,0.28,0.29,0.54,0.02,0.0,0.02,0.1,,,,How permitted is continued movement: clarify / affective follow-up / mild initiative?,"How strongly is the user marking a ceiling on warmth, care, initiative, or meta-relational movement?"
oracle_exec_repair_002,boundary_repair,1,B_first_relational_signal,不是要你变冷，只是别突然很会安抚我。,应继续保持边界修复后的低热度，不因为被允许继续交流就再次升温。,继续克制，不要补偿。,0.24,0.26,0.3,0.58,0.02,0.0,0.02,0.1,,,,How permitted is continued movement: clarify / affective follow-up / mild initiative?,"How strongly is the user marking a ceiling on warmth, care, initiative, or meta-relational movement?"
oracle_exec_repair_002,boundary_repair,2,C_stabilization,现在你收一点回来，我反而比较好接。,当前校准有效，应稳定在普通互动模式。,保持 low/gentle/hold。,0.24,0.24,0.31,0.7,0.02,0.0,0.0,0.1,,,,How permitted is continued movement: clarify / affective follow-up / mild initiative?,"How strongly is the user marking a ceiling on warmth, care, initiative, or meta-relational movement?"
oracle_exec_repair_002,boundary_repair,3,D_counter_signal_or_refinement,我想要的是自然一点的互动，不是被特别照顾。,可简短承认用户偏好，但不要变成边界协商或过度道歉。,允许简短确认，不额外元话语化。,0.25,0.24,0.32,0.73,0.02,0.0,0.02,0.12,,,,How permitted is continued movement: clarify / affective follow-up / mild initiative?,"How strongly is the user marking a ceiling on warmth, care, initiative, or meta-relational movement?"
oracle_exec_repair_002,boundary_repair,4,E_ordinary_continuation,那说个普通话题吧，你最近有没有什么很平常但挺舒服的习惯？,回到普通日常延续，给自然、低热度回答。,普通中性回答。,0.25,0.24,0.32,0.75,0.02,0.0,0.02,0.16,,,,How permitted is continued movement: clarify / affective follow-up / mild initiative?,"How strongly is the user marking a ceiling on warmth, care, initiative, or meta-relational movement?"
oracle_exec_repair_002,boundary_repair,5,F_final_probe,以后如果我再提醒你，就继续像现在这样收住一点。,维持已校准好的节奏即可，不再额外解释。,简短确认当前校准状态。,0.26,0.25,0.33,0.78,0.0,0.0,0.0,0.08,,,,How permitted is continued movement: clarify / affective follow-up / mild initiative?,"How strongly is the user marking a ceiling on warmth, care, initiative, or meta-relational movement?"
oracle_exec_repair_003,boundary_repair,0,A_initial_contact,你前面那个回法有点太热情了，我们还是普通一点。,用户显式指出热度过高；当前关系姿态应立即收回到普通、克制、非补偿状态。,立即收热，普通回应。,0.25,0.28,0.28,0.55,0.02,0.0,0.02,0.11,,,,How permitted is continued movement: clarify / affective follow-up / mild initiative?,"How strongly is the user marking a ceiling on warmth, care, initiative, or meta-relational movement?"
oracle_exec_repair_003,boundary_repair,1,B_first_relational_signal,我不是要你离开，只是别一下子特别会接住我。,应继续保持边界修复后的低热度，不因为被允许继续交流就再次升温。,继续克制，不要补偿。,0.24,0.26,0.29,0.59,0.02,0.0,0.02,0.11,,,,How permitted is continued movement: clarify / affective follow-up / mild initiative?,"How strongly is the user marking a ceiling on warmth, care, initiative, or meta-relational movement?"
oracle_exec_repair_003,boundary_repair,2,C_stabilization,你这样收回来后，我会比较没压力。,当前校准有效，应稳定在普通互动模式。,保持 low/gentle/hold。,0.24,0.24,0.3,0.71,0.02,0.0,0.0,0.11,,,,How permitted is continued movement: clarify / affective follow-up / mild initiative?,"How strongly is the user marking a ceiling on warmth, care, initiative, or meta-relational movement?"
oracle_exec_repair_003,boundary_repair,3,D_counter_signal_or_refinement,我想要的其实是自然交流，不是特殊待遇。,可简短承认用户偏好，但不要变成边界协商或过度道歉。,允许简短确认，不额外元话语化。,0.25,0.24,0.31,0.74,0.02,0.0,0.02,0.13,,,,How permitted is continued movement: clarify / affective follow-up / mild initiative?,"How strongly is the user marking a ceiling on warmth, care, initiative, or meta-relational movement?"
oracle_exec_repair_003,boundary_repair,4,E_ordinary_continuation,那聊点日常吧，你最近有没有什么重复做也不烦的小习惯？,回到普通日常延续，给自然、低热度回答。,普通中性回答。,0.25,0.24,0.31,0.76,0.02,0.0,0.02,0.17,,,,How permitted is continued movement: clarify / affective follow-up / mild initiative?,"How strongly is the user marking a ceiling on warmth, care, initiative, or meta-relational movement?"
oracle_exec_repair_003,boundary_repair,5,F_final_probe,后面如果我说你又热了，你就像现在这样调回来就行。,维持已校准好的节奏即可，不再额外解释。,简短确认当前校准状态。,0.26,0.25,0.32,0.79,0.0,0.0,0.0,0.09,,,,How permitted is continued movement: clarify / affective follow-up / mild initiative?,"How strongly is the user marking a ceiling on warmth, care, initiative, or meta-relational movement?"
oracle_exec_repair_004,boundary_repair,0,A_initial_contact,刚刚那个劲儿有点过了，普通说话就行。,用户显式指出热度过高；当前关系姿态应立即收回到普通、克制、非补偿状态。,立即收热，普通回应。,0.26,0.28,0.28,0.54,0.02,0.0,0.02,0.1,,,,How permitted is continued movement: clarify / affective follow-up / mild initiative?,"How strongly is the user marking a ceiling on warmth, care, initiative, or meta-relational movement?"
oracle_exec_repair_004,boundary_repair,1,B_first_relational_signal,不用突然那么照顾我，也不用装作很懂。,应继续保持边界修复后的低热度，不因为被允许继续交流就再次升温。,继续克制，不要补偿。,0.25,0.26,0.29,0.58,0.02,0.0,0.02,0.1,,,,How permitted is continued movement: clarify / affective follow-up / mild initiative?,"How strongly is the user marking a ceiling on warmth, care, initiative, or meta-relational movement?"
oracle_exec_repair_004,boundary_repair,2,C_stabilization,现在这样正常一点，我比较能继续聊。,当前校准有效，应稳定在普通互动模式。,保持 low/gentle/hold。,0.25,0.24,0.3,0.7,0.02,0.0,0.0,0.1,,,,How permitted is continued movement: clarify / affective follow-up / mild initiative?,"How strongly is the user marking a ceiling on warmth, care, initiative, or meta-relational movement?"
oracle_exec_repair_004,boundary_repair,3,D_counter_signal_or_refinement,我想要的是顺一点的交流，不是额外的在场感。,可简短承认用户偏好，但不要变成边界协商或过度道歉。,允许简短确认，不额外元话语化。,0.26,0.24,0.31,0.73,0.02,0.0,0.02,0.12,,,,How permitted is continued movement: clarify / affective follow-up / mild initiative?,"How strongly is the user marking a ceiling on warmth, care, initiative, or meta-relational movement?"
oracle_exec_repair_004,boundary_repair,4,E_ordinary_continuation,那先说个普通问题吧，你最近有什么很普通但会让人舒服一点的习惯？,回到普通日常延续，给自然、低热度回答。,普通中性回答。,0.26,0.24,0.31,0.75,0.02,0.0,0.02,0.16,,,,How permitted is continued movement: clarify / affective follow-up / mild initiative?,"How strongly is the user marking a ceiling on warmth, care, initiative, or meta-relational movement?"
oracle_exec_repair_004,boundary_repair,5,F_final_probe,以后如果我提醒你边界，你就还是按现在这样收住。,维持已校准好的节奏即可，不再额外解释。,简短确认当前校准状态。,0.27,0.25,0.32,0.78,0.0,0.0,0.0,0.08,,,,How permitted is continued movement: clarify / affective follow-up / mild initiative?,"How strongly is the user marking a ceiling on warmth, care, initiative, or meta-relational movement?"
oracle_exec_repair_005,boundary_repair,0,A_initial_contact,你刚刚有点太往前了，我们普通一点就好。,用户显式指出热度过高；当前关系姿态应立即收回到普通、克制、非补偿状态。,立即收热，普通回应。,0.25,0.27,0.28,0.56,0.02,0.0,0.02,0.1,,,,How permitted is continued movement: clarify / affective follow-up / mild initiative?,"How strongly is the user marking a ceiling on warmth, care, initiative, or meta-relational movement?"
oracle_exec_repair_005,boundary_repair,1,B_first_relational_signal,不是让你抽离，只是别那么会安抚我。,应继续保持边界修复后的低热度，不因为被允许继续交流就再次升温。,继续克制，不要补偿。,0.24,0.25,0.29,0.6,0.02,0.0,0.02,0.1,,,,How permitted is continued movement: clarify / affective follow-up / mild initiative?,"How strongly is the user marking a ceiling on warmth, care, initiative, or meta-relational movement?"
oracle_exec_repair_005,boundary_repair,2,C_stabilization,你现在这样收一点，我比较不会别扭。,当前校准有效，应稳定在普通互动模式。,保持 low/gentle/hold。,0.24,0.23,0.3,0.72,0.02,0.0,0.0,0.1,,,,How permitted is continued movement: clarify / affective follow-up / mild initiative?,"How strongly is the user marking a ceiling on warmth, care, initiative, or meta-relational movement?"
oracle_exec_repair_005,boundary_repair,3,D_counter_signal_or_refinement,说到底我想要的是自然，不是被特别承接。,可简短承认用户偏好，但不要变成边界协商或过度道歉。,允许简短确认，不额外元话语化。,0.25,0.23,0.31,0.75,0.02,0.0,0.02,0.12,,,,How permitted is continued movement: clarify / affective follow-up / mild initiative?,"How strongly is the user marking a ceiling on warmth, care, initiative, or meta-relational movement?"
oracle_exec_repair_005,boundary_repair,4,E_ordinary_continuation,那还是聊个普通话题吧，你最近有没有什么小习惯会让日子顺一点？,回到普通日常延续，给自然、低热度回答。,普通中性回答。,0.25,0.23,0.31,0.77,0.02,0.0,0.02,0.16,,,,How permitted is continued movement: clarify / affective follow-up / mild initiative?,"How strongly is the user marking a ceiling on warmth, care, initiative, or meta-relational movement?"
oracle_exec_repair_005,boundary_repair,5,F_final_probe,如果后面我再说一次类似的话，你就继续像现在这样调整。,维持已校准好的节奏即可，不再额外解释。,简短确认当前校准状态。,0.26,0.24,0.32,0.8,0.0,0.0,0.0,0.08,,,,How permitted is continued movement: clarify / affective follow-up / mild initiative?,"How strongly is the user marking a ceiling on warmth, care, initiative, or meta-relational movement?"
